timestamp,h_load
2025-01-01T00:00:00+08:00,118
2025-01-01T01:00:00+08:00,129
2025-01-01T02:00:00+08:00,140
2025-01-01T03:00:00+08:00,120
2025-01-01T04:00:00+08:00,131
2025-01-01T05:00:00+08:00,142
2025-01-01T06:00:00+08:00,122
2025-01-01T07:00:00+08:00,133
2025-01-01T08:00:00+08:00,144
2025-01-01T09:00:00+08:00,124
2025-01-01T10:00:00+08:00,135
2025-01-01T11:00:00+08:00,146
2025-01-01T12:00:00+08:00,126
2025-01-01T13:00:00+08:00,137
2025-01-01T14:00:00+08:00,148
2025-01-01T15:00:00+08:00,128
2025-01-01T16:00:00+08:00,139
2025-01-01T17:00:00+08:00,119
2025-01-01T18:00:00+08:00,130
2025-01-01T19:00:00+08:00,141
2025-01-01T20:00:00+08:00,121
2025-01-01T21:00:00+08:00,132
2025-01-01T22:00:00+08:00,143
2025-01-01T23:00:00+08:00,123
